{"cameraMode":{"drawMode":0,"name":"Shaded","section":"Shading Mode"},"sceneLighting":true,"audioPlay":false,"sceneViewState":{"m_AlwaysRefresh":false,"showFog":true,"showSkybox":true,"showFlares":true,"showImageEffects":true,"showParticleSystems":true,"showVisualEffectGraphs":true,"m_FxEnabled":true},"in2DMode":false,"pivot":{"x":61.39555358886719,"y":242.3983154296875,"z":-146.36737060546876},"rotation":{"x":-0.2983015179634094,"y":-0.022613350301980974,"z":0.007069950923323631,"w":-0.9541794061660767},"size":217.4293670654297,"orthographic":false}