{"cameraMode":{"drawMode":0,"name":"Shaded","section":"Shading Mode"},"sceneLighting":true,"audioPlay":false,"sceneViewState":{"m_AlwaysRefresh":false,"showFog":true,"showSkybox":true,"showFlares":true,"showImageEffects":true,"showParticleSystems":true,"showVisualEffectGraphs":true,"m_FxEnabled":true},"in2DMode":false,"pivot":{"x":94.59194946289063,"y":55.72713851928711,"z":-16.586910247802736},"rotation":{"x":0.23173217475414277,"y":-0.49239909648895266,"z":0.13784413039684297,"w":0.8275896906852722},"size":4.682967185974121,"orthographic":false}