{"cameraMode":{"drawMode":0,"name":"Shaded","section":"Shading Mode"},"sceneLighting":false,"audioPlay":false,"sceneViewState":{"m_AlwaysRefresh":false,"showFog":true,"showSkybox":false,"showFlares":true,"showImageEffects":true,"showParticleSystems":true,"showVisualEffectGraphs":true,"m_FxEnabled":true},"in2DMode":false,"pivot":{"x":0.9398369193077087,"y":208.38504028320313,"z":145.7169647216797},"rotation":{"x":-0.44615089893341067,"y":0.08994866162538529,"z":-0.045129645615816119,"w":-0.8892931938171387},"size":2.9378926753997804,"orthographic":false}